AnnoSettimana,guariti,tamponi
202013,799.7143,25508.857
202010,67.57143,3798.8572
202019,3186.7144,53501.285
202021,1879.0,57949.43
202016,1660.0,44233.0
202011,230.14285,10153.286
202014,1027.8572,30586.0
202015,1624.8572,41208.715
20209,11.714286,2400.4285
202017,2293.0,51376.43
202012,610.7143,17205.715
202020,2655.5715,56901.145
202018,2147.1428,52015.715
